{
  "use_nibbles": [
    1,
    2,
    3,
    4,
    5,
    6,
    8,
    9,
    10,
    11,
    12,
    13
  ],
  "models": {
    "agility": [
      14.536183110909983,
      -0.19041017207903652,
      0.9710484045223997,
      -0.685663245579604,
      -0.5262009001880074,
      -0.23061639555765404,
      0.10540215316298367,
      -0.4125667055147785,
      0.186511730544455,
      0.032957825884135004,
      -0.13764583017521934,
      0.40889665638213496,
      13.663525506212524
    ],
    "top_speed": [
      -0.19408977968460842,
      14.26974785220745,
      0.4236358610359908,
      -0.4758553319387893,
      0.07694235427765259,
      -1.3437576598765264,
      -0.26454322717440637,
      0.09967361339794467,
      0.3872523692685267,
      -0.219758022273285,
      -0.09989510464754933,
      0.73089674124891,
      16.697255692464655
    ],
    "shot_power": [
      0.6629790938818308,
      -0.4873842703631003,
      0.8080455390181289,
      -0.8017866138094014,
      13.75277285712741,
      -0.012485755781644216,
      -0.19186848278598928,
      -0.4404725267980276,
      0.20341066759304036,
      0.4287688649435555,
      -0.08975507558036709,
      0.03915330582632999,
      15.369089361883379
    ],
    "shot_accuracy": [
      -0.1068135201679269,
      -0.351372107065658,
      -0.2327692009862187,
      -0.37656506232401354,
      0.6987268494576392,
      -0.14224385009717191,
      -0.14282780159408343,
      12.069784402078803,
      1.0396621040071483,
      0.003156980700179878,
      0.2335519291378248,
      0.5059160932139559,
      17.33392066882965
    ],
    "stick_handle": [
      0.3452715171826483,
      0.2579746942388562,
      0.5783471253201933,
      -0.27568229387391663,
      -0.4193631003802765,
      -0.13455340080126701,
      4.670531025394329,
      0.34832902376293207,
      0.2503973777934154,
      -0.6250676774342773,
      0.3464223629070408,
      -1.0791175161735824,
      26.43619622231883
    ],
    "off_awa": [
      -0.14966516879773462,
      0.20248334662442954,
      12.391139852339728,
      0.025243675465759174,
      0.6281737064036126,
      -0.3713325300121377,
      0.10809449771817775,
      0.18461736583751373,
      0.3008503726636498,
      0.09510371053686739,
      0.393898166479747,
      0.46541150208426263,
      13.876142572809947
    ],
    "def_awa": [
      0.08139632680191221,
      -0.6835103208347338,
      0.8121544476884205,
      13.541124383047524,
      -0.6597968168942785,
      0.007119538162286776,
      -0.09117983162999564,
      0.15768829073606425,
      0.2332247967185545,
      0.020397723624822808,
      -0.3798890416394744,
      0.13629504829650846,
      16.946172754273693
    ],
    "pass_acc": [
      0.36811745828675246,
      -0.6367760785825375,
      0.467240802850901,
      -0.3940316807884541,
      0.2144171719901916,
      -0.25409289737364404,
      0.19913754948632412,
      -0.5410308067597541,
      -0.18326235023047371,
      -0.0009810726745805949,
      13.429503043427495,
      0.4533313910367152,
      16.151106361065274
    ],
    "endurance": [
      -0.4757509802292482,
      -0.07839046250287604,
      0.477127865865412,
      0.07326968969932697,
      -0.506791461246291,
      0.8349474543492539,
      0.3143641470880268,
      -0.044780001007562915,
      14.193285800710497,
      0.3362672042351216,
      0.4877563393948102,
      -0.11968612897348589,
      8.725182510300801
    ],
    "check": [
      0.4117212697538694,
      -0.26409468830713717,
      -0.060072745514466674,
      0.5551724709509236,
      -0.12341940301518457,
      11.860206710166965,
      -0.0907796211447739,
      0.31816208644368354,
      0.7071269916704523,
      -0.046415458575905975,
      -0.05888087733747924,
      0.2587222882169449,
      15.27224544429689
    ],
    "aggro": [
      -1.5496077607807022,
      -3.4219208485803017,
      1.754427194965357,
      -3.3783533132594736,
      -1.912706790172649,
      2.345200681354824,
      0.45636669328972884,
      1.2194043271285697,
      1.4743034319698969,
      -0.6648433143636482,
      2.6479876458331724,
      15.297134980667057,
      13.268635829409096
    ]
  }
}